[
  {
    "ZONA":"ZONA 3",
    "SUBZONA":"CHIMBORAZO",
    "DISTRITO":"RIOBAMBA",
    "CIRCUITO":"YARUQUIES",
    "SUB CIRCUITO":"YARUQUIES 1"
  },
  {
    "ZONA":"ZONA 3",
    "SUBZONA":"CHIMBORAZO",
    "DISTRITO":"RIOBAMBA",
    "CIRCUITO":"POLITECNICA",
    "SUB CIRCUITO":"POLITECNICA 1"
  },
  {
    "ZONA":"ZONA 3",
    "SUBZONA":"CHIMBORAZO",
    "DISTRITO":"RIOBAMBA",
    "CIRCUITO":"POLITECNICA",
    "SUB CIRCUITO":"POLITECNICA 2"
  },
  {
    "ZONA":"ZONA 3",
    "SUBZONA":"CHIMBORAZO",
    "DISTRITO":"RIOBAMBA",
    "CIRCUITO":"POLITECNICA",
    "SUB CIRCUITO":"POLITECNICA 3"
  },
  {
    "ZONA":"ZONA 3",
    "SUBZONA":"CHIMBORAZO",
    "DISTRITO":"RIOBAMBA",
    "CIRCUITO":"SHOPPING",
    "SUB CIRCUITO":"SHOPPING 1"
  },
  {
    "ZONA":"ZONA 3",
    "SUBZONA":"CHIMBORAZO",
    "DISTRITO":"RIOBAMBA",
    "CIRCUITO":"CAMILO PONCE",
    "SUB CIRCUITO":"CAMILO PONCE 1"
  },
  {
    "ZONA":"ZONA 3",
    "SUBZONA":"CHIMBORAZO",
    "DISTRITO":"RIOBAMBA",
    "CIRCUITO":"CAMILO PONCE",
    "SUB CIRCUITO":"CAMILO PONCE 2"
  },
  {
    "ZONA":"ZONA 3",
    "SUBZONA":"CHIMBORAZO",
    "DISTRITO":"RIOBAMBA",
    "CIRCUITO":"CAMINOS AL SOL",
    "SUB CIRCUITO":"CAMINOS AL SOL 1"
  },
  {
    "ZONA":"ZONA 3",
    "SUBZONA":"CHIMBORAZO",
    "DISTRITO":"RIOBAMBA",
    "CIRCUITO":"LA ESTACION",
    "SUB CIRCUITO":"LA ESTACION 1"
  },
  {
    "ZONA":"ZONA 3",
    "SUBZONA":"CHIMBORAZO",
    "DISTRITO":"RIOBAMBA",
    "CIRCUITO":"LA ESTACION",
    "SUB CIRCUITO":"LA ESTACION 2"
  },
  {
    "ZONA":"ZONA 3",
    "SUBZONA":"CHIMBORAZO",
    "DISTRITO":"RIOBAMBA",
    "CIRCUITO":"SAN ALFONSO",
    "SUB CIRCUITO":"SAN ALFONSO 1"
  },
  {
    "ZONA":"ZONA 3",
    "SUBZONA":"CHIMBORAZO",
    "DISTRITO":"RIOBAMBA",
    "CIRCUITO":"SAN ALFONSO",
    "SUB CIRCUITO":"SAN ALFONSO 2"
  },
  {
    "ZONA":"ZONA 3",
    "SUBZONA":"CHIMBORAZO",
    "DISTRITO":"RIOBAMBA",
    "CIRCUITO":"PUCARA",
    "SUB CIRCUITO":"PUCARA 1"
  },
  {
    "ZONA":"ZONA 3",
    "SUBZONA":"CHIMBORAZO",
    "DISTRITO":"RIOBAMBA",
    "CIRCUITO":"PUCARA",
    "SUB CIRCUITO":"PUCARA 2"
  },
  {
    "ZONA":"ZONA 3",
    "SUBZONA":"CHIMBORAZO",
    "DISTRITO":"RIOBAMBA",
    "CIRCUITO":"LA PAZ",
    "SUB CIRCUITO":"LA PAZ 1"
  },
  {
    "ZONA":"ZONA 3",
    "SUBZONA":"CHIMBORAZO",
    "DISTRITO":"RIOBAMBA",
    "CIRCUITO":"LA PAZ",
    "SUB CIRCUITO":"LA PAZ 2"
  },
  {
    "ZONA":"ZONA 3",
    "SUBZONA":"CHIMBORAZO",
    "DISTRITO":"RIOBAMBA",
    "CIRCUITO":"TERMINAL TERRESTRE",
    "SUB CIRCUITO":"TERMINAL TERRESTRE 1"
  },
  {
    "ZONA":"ZONA 3",
    "SUBZONA":"CHIMBORAZO",
    "DISTRITO":"RIOBAMBA",
    "CIRCUITO":"LA CONDAMINE",
    "SUB CIRCUITO":"LA CONDAMINE 1"
  },
  {
    "ZONA":"ZONA 3",
    "SUBZONA":"CHIMBORAZO",
    "DISTRITO":"RIOBAMBA",
    "CIRCUITO":"LA CONDAMINE",
    "SUB CIRCUITO":"LA CONDAMINE 2"
  },
  {
    "ZONA":"ZONA 3",
    "SUBZONA":"CHIMBORAZO",
    "DISTRITO":"RIOBAMBA",
    "CIRCUITO":"LA PRIMAVERA",
    "SUB CIRCUITO":"LA PRIMAVERA 1"
  },
  {
    "ZONA":"ZONA 3",
    "SUBZONA":"CHIMBORAZO",
    "DISTRITO":"RIOBAMBA",
    "CIRCUITO":"SANTA CRUZ",
    "SUB CIRCUITO":"SANTA CRUZ 1"
  },
  {
    "ZONA":"ZONA 3",
    "SUBZONA":"CHIMBORAZO",
    "DISTRITO":"RIOBAMBA",
    "CIRCUITO":"CALPI",
    "SUB CIRCUITO":"CALPI 1"
  },
  {
    "ZONA":"ZONA 3",
    "SUBZONA":"CHIMBORAZO",
    "DISTRITO":"RIOBAMBA",
    "CIRCUITO":"VEINTICUATRO DE MAYO",
    "SUB CIRCUITO":"VEINTICUATRO DE MAYO"
  },
  {
    "ZONA":"ZONA 3",
    "SUBZONA":"CHIMBORAZO",
    "DISTRITO":"RIOBAMBA",
    "CIRCUITO":"QUIMIAG",
    "SUB CIRCUITO":"QUIMIAG 1"
  },
  {
    "ZONA":"ZONA 3",
    "SUBZONA":"CHIMBORAZO",
    "DISTRITO":"RIOBAMBA",
    "CIRCUITO":"LICTO",
    "SUB CIRCUITO":"LICTO 1"
  },
  {
    "ZONA":"ZONA 3",
    "SUBZONA":"CHIMBORAZO",
    "DISTRITO":"RIOBAMBA",
    "CIRCUITO":"LICTO",
    "SUB CIRCUITO":"LICTO 2"
  },
  {
    "ZONA":"ZONA 3",
    "SUBZONA":"CHIMBORAZO",
    "DISTRITO":"RIOBAMBA",
    "CIRCUITO":"PUNIN",
    "SUB CIRCUITO":"PUNIN 1"
  },
  {
    "ZONA":"ZONA 3",
    "SUBZONA":"CHIMBORAZO",
    "DISTRITO":"RIOBAMBA",
    "CIRCUITO":"SAN LUIS",
    "SUB CIRCUITO":"SAN LUIS 1"
  },
  {
    "ZONA":"ZONA 3",
    "SUBZONA":"CHIMBORAZO",
    "DISTRITO":"RIOBAMBA",
    "CIRCUITO":"SAN LUIS",
    "SUB CIRCUITO":"SAN LUIS 2"
  },
  {
    "ZONA":"ZONA 3",
    "SUBZONA":"CHIMBORAZO",
    "DISTRITO":"RIOBAMBA",
    "CIRCUITO":"CHAMBO",
    "SUB CIRCUITO":"CHAMBO 1"
  },
  {
    "ZONA":"ZONA 3",
    "SUBZONA":"CHIMBORAZO",
    "DISTRITO":"RIOBAMBA",
    "CIRCUITO":"CHAMBO",
    "SUB CIRCUITO":"CHAMBO 2"
  },
  {
    "ZONA":"ZONA 3",
    "SUBZONA":"CHIMBORAZO",
    "DISTRITO":"ALAUSI",
    "CIRCUITO":"HUIGRA",
    "SUB CIRCUITO":"HUIGRA 1"
  },
  {
    "ZONA":"ZONA 3",
    "SUBZONA":"CHIMBORAZO",
    "DISTRITO":"ALAUSI",
    "CIRCUITO":"ALAUSI",
    "SUB CIRCUITO":"ALAUSI 1"
  },
  {
    "ZONA":"ZONA 3",
    "SUBZONA":"CHIMBORAZO",
    "DISTRITO":"ALAUSI",
    "CIRCUITO":"GUASUNTOS",
    "SUB CIRCUITO":"GUASUNTOS 1"
  },
  {
    "ZONA":"ZONA 3",
    "SUBZONA":"CHIMBORAZO",
    "DISTRITO":"ALAUSI",
    "CIRCUITO":"TIXAN",
    "SUB CIRCUITO":"TIXAN 1"
  },
  {
    "ZONA":"ZONA 3",
    "SUBZONA":"CHIMBORAZO",
    "DISTRITO":"ALAUSI",
    "CIRCUITO":"ACHUPALLAS",
    "SUB CIRCUITO":"ACHUPALLAS 1"
  },
  {
    "ZONA":"ZONA 3",
    "SUBZONA":"CHIMBORAZO",
    "DISTRITO":"ALAUSI",
    "CIRCUITO":"CHUNCHI",
    "SUB CIRCUITO":"CHUNCHI 1"
  },
  {
    "ZONA":"ZONA 3",
    "SUBZONA":"CHIMBORAZO",
    "DISTRITO":"ALAUSI",
    "CIRCUITO":"JOYAGSHI",
    "SUB CIRCUITO":"JOYAGSHI 1"
  },
  {
    "ZONA":"ZONA 3",
    "SUBZONA":"CHIMBORAZO",
    "DISTRITO":"PALLATANGA",
    "CIRCUITO":"CUMANDA",
    "SUB CIRCUITO":"CUMANDA 1"
  },
  {
    "ZONA":"ZONA 3",
    "SUBZONA":"CHIMBORAZO",
    "DISTRITO":"PALLATANGA",
    "CIRCUITO":"CUMANDA",
    "SUB CIRCUITO":"CUMANDA 2"
  },
  {
    "ZONA":"ZONA 3",
    "SUBZONA":"CHIMBORAZO",
    "DISTRITO":"PALLATANGA",
    "CIRCUITO":"PALLATANGA",
    "SUB CIRCUITO":"PALLATANGA 1"
  },
  {
    "ZONA":"ZONA 3",
    "SUBZONA":"CHIMBORAZO",
    "DISTRITO":"COLTA",
    "CIRCUITO":"CAJABAMBA",
    "SUB CIRCUITO":"CAJABAMBA 1"
  },
  {
    "ZONA":"ZONA 3",
    "SUBZONA":"CHIMBORAZO",
    "DISTRITO":"COLTA",
    "CIRCUITO":"LIRIO",
    "SUB CIRCUITO":"LIRIO 1"
  },
  {
    "ZONA":"ZONA 3",
    "SUBZONA":"CHIMBORAZO",
    "DISTRITO":"COLTA",
    "CIRCUITO":"COLUMBE",
    "SUB CIRCUITO":"COLUMBE 1"
  },
  {
    "ZONA":"ZONA 3",
    "SUBZONA":"CHIMBORAZO",
    "DISTRITO":"COLTA",
    "CIRCUITO":"PANGOR",
    "SUB CIRCUITO":"PANGOR 1"
  },
  {
    "ZONA":"ZONA 3",
    "SUBZONA":"CHIMBORAZO",
    "DISTRITO":"COLTA",
    "CIRCUITO":"SANTIAGO DE QUITO",
    "SUB CIRCUITO":"SANTIAGO DE QUITO 1"
  },
  {
    "ZONA":"ZONA 3",
    "SUBZONA":"CHIMBORAZO",
    "DISTRITO":"COLTA",
    "CIRCUITO":"GUAMOTE",
    "SUB CIRCUITO":"GUAMOTE 1"
  },
  {
    "ZONA":"ZONA 3",
    "SUBZONA":"CHIMBORAZO",
    "DISTRITO":"COLTA",
    "CIRCUITO":"COCHAPAMBA",
    "SUB CIRCUITO":"COCHAPAMBA 1"
  },
  {
    "ZONA":"ZONA 3",
    "SUBZONA":"CHIMBORAZO",
    "DISTRITO":"COLTA",
    "CIRCUITO":"TIO CAJAS",
    "SUB CIRCUITO":"TIO CAJAS 1"
  },
  {
    "ZONA":"ZONA 3",
    "SUBZONA":"CHIMBORAZO",
    "DISTRITO":"COLTA",
    "CIRCUITO":"PALMIRA",
    "SUB CIRCUITO":"PALMIRA 1"
  },
  {
    "ZONA":"ZONA 3",
    "SUBZONA":"CHIMBORAZO",
    "DISTRITO":"COLTA",
    "CIRCUITO":"CEBADAS",
    "SUB CIRCUITO":"CEBADAS 1"
  },
  {
    "ZONA":"ZONA 3",
    "SUBZONA":"CHIMBORAZO",
    "DISTRITO":"GUANO",
    "CIRCUITO":"SAN ANDRES",
    "SUB CIRCUITO":"SAN ANDRES 1"
  },
  {
    "ZONA":"ZONA 3",
    "SUBZONA":"CHIMBORAZO",
    "DISTRITO":"GUANO",
    "CIRCUITO":"SAN ANDRES",
    "SUB CIRCUITO":"SAN ANDRES 2"
  },
  {
    "ZONA":"ZONA 3",
    "SUBZONA":"CHIMBORAZO",
    "DISTRITO":"GUANO",
    "CIRCUITO":"GUANO",
    "SUB CIRCUITO":"GUANO 1"
  },
  {
    "ZONA":"ZONA 3",
    "SUBZONA":"CHIMBORAZO",
    "DISTRITO":"GUANO",
    "CIRCUITO":"GUANO",
    "SUB CIRCUITO":"GUANO 2"
  },
  {
    "ZONA":"ZONA 3",
    "SUBZONA":"CHIMBORAZO",
    "DISTRITO":"GUANO",
    "CIRCUITO":"SANTA FE DE GALAN",
    "SUB CIRCUITO":"SANTA FE DE GALAN 1"
  },
  {
    "ZONA":"ZONA 3",
    "SUBZONA":"CHIMBORAZO",
    "DISTRITO":"GUANO",
    "CIRCUITO":"PENIPE",
    "SUB CIRCUITO":"PENIPE 1"
  },
  {
    "ZONA":"ZONA 3",
    "SUBZONA":"COTOPAXI",
    "DISTRITO":"LATACUNGA",
    "CIRCUITO":"TOACAZO",
    "SUB CIRCUITO":"TOACAZO 1"
  },
  {
    "ZONA":"ZONA 3",
    "SUBZONA":"COTOPAXI",
    "DISTRITO":"LATACUNGA",
    "CIRCUITO":"MULALO",
    "SUB CIRCUITO":"MULALO 1"
  },
  {
    "ZONA":"ZONA 3",
    "SUBZONA":"COTOPAXI",
    "DISTRITO":"LATACUNGA",
    "CIRCUITO":"LASSO",
    "SUB CIRCUITO":"LASSO 1"
  },
  {
    "ZONA":"ZONA 3",
    "SUBZONA":"COTOPAXI",
    "DISTRITO":"LATACUNGA",
    "CIRCUITO":"LASSO",
    "SUB CIRCUITO":"LASSO 2"
  },
  {
    "ZONA":"ZONA 3",
    "SUBZONA":"COTOPAXI",
    "DISTRITO":"LATACUNGA",
    "CIRCUITO":"JOSEGUANGO",
    "SUB CIRCUITO":"JOSEGUANGO 1"
  },
  {
    "ZONA":"ZONA 3",
    "SUBZONA":"COTOPAXI",
    "DISTRITO":"LATACUNGA",
    "CIRCUITO":"POALO",
    "SUB CIRCUITO":"POALO 1"
  },
  {
    "ZONA":"ZONA 3",
    "SUBZONA":"COTOPAXI",
    "DISTRITO":"LATACUNGA",
    "CIRCUITO":"SAN JOSE",
    "SUB CIRCUITO":"SAN JOSE 1"
  },
  {
    "ZONA":"ZONA 3",
    "SUBZONA":"COTOPAXI",
    "DISTRITO":"LATACUNGA",
    "CIRCUITO":"ELOY ALFARO",
    "SUB CIRCUITO":"ELOY ALFARO 1"
  },
  {
    "ZONA":"ZONA 3",
    "SUBZONA":"COTOPAXI",
    "DISTRITO":"LATACUNGA",
    "CIRCUITO":"ELOY ALFARO",
    "SUB CIRCUITO":"ELOY ALFARO 2"
  },
  {
    "ZONA":"ZONA 3",
    "SUBZONA":"COTOPAXI",
    "DISTRITO":"LATACUNGA",
    "CIRCUITO":"BETHLEMITAS",
    "SUB CIRCUITO":"BETHLEMITAS 1"
  },
  {
    "ZONA":"ZONA 3",
    "SUBZONA":"COTOPAXI",
    "DISTRITO":"LATACUNGA",
    "CIRCUITO":"BETHLEMITAS",
    "SUB CIRCUITO":"BETHLEMITAS 2"
  },
  {
    "ZONA":"ZONA 3",
    "SUBZONA":"COTOPAXI",
    "DISTRITO":"LATACUNGA",
    "CIRCUITO":"SAN CARLOS",
    "SUB CIRCUITO":"SAN CARLOS 1"
  },
  {
    "ZONA":"ZONA 3",
    "SUBZONA":"COTOPAXI",
    "DISTRITO":"LATACUNGA",
    "CIRCUITO":"SAN MARTIN",
    "SUB CIRCUITO":"SAN MARTIN 1"
  },
  {
    "ZONA":"ZONA 3",
    "SUBZONA":"COTOPAXI",
    "DISTRITO":"LATACUNGA",
    "CIRCUITO":"LA COCHA",
    "SUB CIRCUITO":"LA COCHA 1"
  },
  {
    "ZONA":"ZONA 3",
    "SUBZONA":"COTOPAXI",
    "DISTRITO":"LATACUNGA",
    "CIRCUITO":"LA CALERA",
    "SUB CIRCUITO":"LA CALERA 1"
  },
  {
    "ZONA":"ZONA 3",
    "SUBZONA":"COTOPAXI",
    "DISTRITO":"LATACUNGA",
    "CIRCUITO":"CHOFER",
    "SUB CIRCUITO":"CHOFER 1"
  },
  {
    "ZONA":"ZONA 3",
    "SUBZONA":"COTOPAXI",
    "DISTRITO":"LATACUNGA",
    "CIRCUITO":"TERMINAL TERRESTRE",
    "SUB CIRCUITO":"TERMINAL TERRESTRE 1"
  },
  {
    "ZONA":"ZONA 3",
    "SUBZONA":"COTOPAXI",
    "DISTRITO":"LATACUNGA",
    "CIRCUITO":"TERMINAL TERRESTRE",
    "SUB CIRCUITO":"TERMINAL TERRESTRE 2"
  },
  {
    "ZONA":"ZONA 3",
    "SUBZONA":"COTOPAXI",
    "DISTRITO":"LATACUNGA",
    "CIRCUITO":"NUEVA VIDA",
    "SUB CIRCUITO":"NUEVA VIDA 1"
  },
  {
    "ZONA":"ZONA 3",
    "SUBZONA":"COTOPAXI",
    "DISTRITO":"LATACUNGA",
    "CIRCUITO":"BELISARIO QUEVEDO",
    "SUB CIRCUITO":"BELISARIO QUEVEDO 1"
  },
  {
    "ZONA":"ZONA 3",
    "SUBZONA":"COTOPAXI",
    "DISTRITO":"LATACUNGA",
    "CIRCUITO":"PASTO CALLE",
    "SUB CIRCUITO":"PASTO CALLE 1"
  },
  {
    "ZONA":"ZONA 3",
    "SUBZONA":"COTOPAXI",
    "DISTRITO":"LATACUNGA",
    "CIRCUITO":"GUAYTACAMA",
    "SUB CIRCUITO":"GUAYTACAMA 1"
  },
  {
    "ZONA":"ZONA 3",
    "SUBZONA":"COTOPAXI",
    "DISTRITO":"LATACUNGA",
    "CIRCUITO":"GUAYTACAMA",
    "SUB CIRCUITO":"GUAYTACAMA 2"
  },
  {
    "ZONA":"ZONA 3",
    "SUBZONA":"COTOPAXI",
    "DISTRITO":"LA MANA",
    "CIRCUITO":"GUASAGANDA",
    "SUB CIRCUITO":"GUASAGANDA 1"
  },
  {
    "ZONA":"ZONA 3",
    "SUBZONA":"COTOPAXI",
    "DISTRITO":"LA MANA",
    "CIRCUITO":"LA MANA NORTE",
    "SUB CIRCUITO":"LA MANA NORTE 1"
  },
  {
    "ZONA":"ZONA 3",
    "SUBZONA":"COTOPAXI",
    "DISTRITO":"LA MANA",
    "CIRCUITO":"LA MANA NORTE",
    "SUB CIRCUITO":"LA MANA NORTE 2"
  },
  {
    "ZONA":"ZONA 3",
    "SUBZONA":"COTOPAXI",
    "DISTRITO":"LA MANA",
    "CIRCUITO":"LA MANA SUR",
    "SUB CIRCUITO":"LA MANA SUR 1"
  },
  {
    "ZONA":"ZONA 3",
    "SUBZONA":"COTOPAXI",
    "DISTRITO":"LA MANA",
    "CIRCUITO":"LA MANA SUR",
    "SUB CIRCUITO":"LA MANA SUR 2"
  },
  {
    "ZONA":"ZONA 3",
    "SUBZONA":"COTOPAXI",
    "DISTRITO":"PANGUA",
    "CIRCUITO":"MORASPUNGO",
    "SUB CIRCUITO":"MORASPUNGO 1"
  },
  {
    "ZONA":"ZONA 3",
    "SUBZONA":"COTOPAXI",
    "DISTRITO":"PANGUA",
    "CIRCUITO":"PILLONPATA",
    "SUB CIRCUITO":"PILLONPATA 1"
  },
  {
    "ZONA":"ZONA 3",
    "SUBZONA":"COTOPAXI",
    "DISTRITO":"PANGUA",
    "CIRCUITO":"EL CORAZON",
    "SUB CIRCUITO":"EL CORAZON 1"
  },
  {
    "ZONA":"ZONA 3",
    "SUBZONA":"COTOPAXI",
    "DISTRITO":"PANGUA",
    "CIRCUITO":"RAMON CAMPAÑA",
    "SUB CIRCUITO":"RAMON CAMPAÑA 1"
  },
  {
    "ZONA":"ZONA 3",
    "SUBZONA":"COTOPAXI",
    "DISTRITO":"DANSANTE",
    "CIRCUITO":"SAQUISILI",
    "SUB CIRCUITO":"SAQUISILI 1"
  },
  {
    "ZONA":"ZONA 3",
    "SUBZONA":"COTOPAXI",
    "DISTRITO":"DANSANTE",
    "CIRCUITO":"SAQUISILI",
    "SUB CIRCUITO":"SAQUISILI 2"
  },
  {
    "ZONA":"ZONA 3",
    "SUBZONA":"COTOPAXI",
    "DISTRITO":"DANSANTE",
    "CIRCUITO":"CANCHAGUA",
    "SUB CIRCUITO":"CANCHAGUA 1"
  },
  {
    "ZONA":"ZONA 3",
    "SUBZONA":"COTOPAXI",
    "DISTRITO":"DANSANTE",
    "CIRCUITO":"LA ESPERANZA",
    "SUB CIRCUITO":"LA ESPERANZA 1"
  },
  {
    "ZONA":"ZONA 3",
    "SUBZONA":"COTOPAXI",
    "DISTRITO":"DANSANTE",
    "CIRCUITO":"ANGAMARCA",
    "SUB CIRCUITO":"ANGAMARCA 1"
  },
  {
    "ZONA":"ZONA 3",
    "SUBZONA":"COTOPAXI",
    "DISTRITO":"DANSANTE",
    "CIRCUITO":"PILALO",
    "SUB CIRCUITO":"PILALO 1"
  },
  {
    "ZONA":"ZONA 3",
    "SUBZONA":"COTOPAXI",
    "DISTRITO":"DANSANTE",
    "CIRCUITO":"ZUMBAGUA",
    "SUB CIRCUITO":"ZUMBAGUA 1"
  },
  {
    "ZONA":"ZONA 3",
    "SUBZONA":"COTOPAXI",
    "DISTRITO":"DANSANTE",
    "CIRCUITO":"GUANGAJE",
    "SUB CIRCUITO":"GUANGAJE 1"
  },
  {
    "ZONA":"ZONA 3",
    "SUBZONA":"COTOPAXI",
    "DISTRITO":"DANSANTE",
    "CIRCUITO":"ALPAMALA",
    "SUB CIRCUITO":"ALPAMALA 1"
  },
  {
    "ZONA":"ZONA 3",
    "SUBZONA":"COTOPAXI",
    "DISTRITO":"DANSANTE",
    "CIRCUITO":"PUJILI",
    "SUB CIRCUITO":"PUJILI 1"
  },
  {
    "ZONA":"ZONA 3",
    "SUBZONA":"COTOPAXI",
    "DISTRITO":"DANSANTE",
    "CIRCUITO":"LA MERCED",
    "SUB CIRCUITO":"LA MERCED 1"
  },
  {
    "ZONA":"ZONA 3",
    "SUBZONA":"COTOPAXI",
    "DISTRITO":"DANSANTE",
    "CIRCUITO":"LA VICTORIA",
    "SUB CIRCUITO":"LA VICTORIA 1"
  },
  {
    "ZONA":"ZONA 3",
    "SUBZONA":"COTOPAXI",
    "DISTRITO":"SIGCHOS",
    "CIRCUITO":"SIGCHOS",
    "SUB CIRCUITO":"SIGCHOS 1"
  },
  {
    "ZONA":"ZONA 3",
    "SUBZONA":"COTOPAXI",
    "DISTRITO":"SIGCHOS",
    "CIRCUITO":"LAS PAMPAS",
    "SUB CIRCUITO":"LAS PAMPAS 1"
  },
  {
    "ZONA":"ZONA 3",
    "SUBZONA":"COTOPAXI",
    "DISTRITO":"SIGCHOS",
    "CIRCUITO":"CHUGCHILLAN",
    "SUB CIRCUITO":"CHUGCHILLAN 1"
  },
  {
    "ZONA":"ZONA 3",
    "SUBZONA":"COTOPAXI",
    "DISTRITO":"SIGCHOS",
    "CIRCUITO":"ISINLIVI",
    "SUB CIRCUITO":"ISINLIVI 1"
  },
  {
    "ZONA":"ZONA 3",
    "SUBZONA":"COTOPAXI",
    "DISTRITO":"SALCEDO",
    "CIRCUITO":"CUSUBAMBA",
    "SUB CIRCUITO":"CUSUBAMBA 1"
  },
  {
    "ZONA":"ZONA 3",
    "SUBZONA":"COTOPAXI",
    "DISTRITO":"SALCEDO",
    "CIRCUITO":"SALCEDO",
    "SUB CIRCUITO":"SALCEDO 1"
  },
  {
    "ZONA":"ZONA 3",
    "SUBZONA":"COTOPAXI",
    "DISTRITO":"SALCEDO",
    "CIRCUITO":"SALCEDO",
    "SUB CIRCUITO":"SALCEDO 2"
  },
  {
    "ZONA":"ZONA 3",
    "SUBZONA":"COTOPAXI",
    "DISTRITO":"SALCEDO",
    "CIRCUITO":"SALCEDO",
    "SUB CIRCUITO":"SALCEDO 3"
  },
  {
    "ZONA":"ZONA 3",
    "SUBZONA":"COTOPAXI",
    "DISTRITO":"SALCEDO",
    "CIRCUITO":"MULALILLO",
    "SUB CIRCUITO":"MULALILLO 1"
  },
  {
    "ZONA":"ZONA 3",
    "SUBZONA":"COTOPAXI",
    "DISTRITO":"SALCEDO",
    "CIRCUITO":"MULALILLO",
    "SUB CIRCUITO":"MULALILLO 2"
  },
  {
    "ZONA":"ZONA 3",
    "SUBZONA":"COTOPAXI",
    "DISTRITO":"SALCEDO",
    "CIRCUITO":"SANTA ANA",
    "SUB CIRCUITO":"SANTA ANA 1"
  },
  {
    "ZONA":"ZONA 3",
    "SUBZONA":"PASTAZA",
    "DISTRITO":"PASTAZA",
    "CIRCUITO":"PUYO SUR",
    "SUB CIRCUITO":"PUYO SUR 1"
  },
  {
    "ZONA":"ZONA 3",
    "SUBZONA":"PASTAZA",
    "DISTRITO":"PASTAZA",
    "CIRCUITO":"PUYO SUR",
    "SUB CIRCUITO":"PUYO SUR 2"
  },
  {
    "ZONA":"ZONA 3",
    "SUBZONA":"PASTAZA",
    "DISTRITO":"PASTAZA",
    "CIRCUITO":"PUYO SUR",
    "SUB CIRCUITO":"PUYO SUR 3"
  },
  {
    "ZONA":"ZONA 3",
    "SUBZONA":"PASTAZA",
    "DISTRITO":"PASTAZA",
    "CIRCUITO":"PUYO NORTE",
    "SUB CIRCUITO":"PUYO NORTE 1"
  },
  {
    "ZONA":"ZONA 3",
    "SUBZONA":"PASTAZA",
    "DISTRITO":"PASTAZA",
    "CIRCUITO":"PUYO NORTE",
    "SUB CIRCUITO":"PUYO NORTE 2"
  },
  {
    "ZONA":"ZONA 3",
    "SUBZONA":"PASTAZA",
    "DISTRITO":"PASTAZA",
    "CIRCUITO":"CANELOS",
    "SUB CIRCUITO":"CANELOS 1"
  },
  {
    "ZONA":"ZONA 3",
    "SUBZONA":"PASTAZA",
    "DISTRITO":"PASTAZA",
    "CIRCUITO":"CANELOS",
    "SUB CIRCUITO":"CANELOS 2"
  },
  {
    "ZONA":"ZONA 3",
    "SUBZONA":"PASTAZA",
    "DISTRITO":"PASTAZA",
    "CIRCUITO":"SARAYACU",
    "SUB CIRCUITO":"SARAYACU 1"
  },
  {
    "ZONA":"ZONA 3",
    "SUBZONA":"PASTAZA",
    "DISTRITO":"PASTAZA",
    "CIRCUITO":"10 DE AGOSTO",
    "SUB CIRCUITO":"10 DE AGOSTO 2001"
  },
  {
    "ZONA":"ZONA 3",
    "SUBZONA":"PASTAZA",
    "DISTRITO":"PASTAZA",
    "CIRCUITO":"TARQUI",
    "SUB CIRCUITO":"TARQUI 1"
  },
  {
    "ZONA":"ZONA 3",
    "SUBZONA":"PASTAZA",
    "DISTRITO":"PASTAZA",
    "CIRCUITO":"FATIMA",
    "SUB CIRCUITO":"FATIMA 1"
  },
  {
    "ZONA":"ZONA 3",
    "SUBZONA":"PASTAZA",
    "DISTRITO":"PASTAZA",
    "CIRCUITO":"RIO CORRIENTES",
    "SUB CIRCUITO":"RIO CORRIENTES 1"
  },
  {
    "ZONA":"ZONA 3",
    "SUBZONA":"PASTAZA",
    "DISTRITO":"PASTAZA",
    "CIRCUITO":"RIO TIGRE",
    "SUB CIRCUITO":"RIO TIGRE 1"
  },
  {
    "ZONA":"ZONA 3",
    "SUBZONA":"PASTAZA",
    "DISTRITO":"PASTAZA",
    "CIRCUITO":"MONTALVO",
    "SUB CIRCUITO":"MONTALVO 1"
  },
  {
    "ZONA":"ZONA 3",
    "SUBZONA":"PASTAZA",
    "DISTRITO":"PASTAZA",
    "CIRCUITO":"SHELL MERA",
    "SUB CIRCUITO":"SHELL MERA 1"
  },
  {
    "ZONA":"ZONA 3",
    "SUBZONA":"PASTAZA",
    "DISTRITO":"PASTAZA",
    "CIRCUITO":"SHELL MERA",
    "SUB CIRCUITO":"SHELL MERA 2"
  },
  {
    "ZONA":"ZONA 3",
    "SUBZONA":"PASTAZA",
    "DISTRITO":"PASTAZA",
    "CIRCUITO":"SANTA CLARA",
    "SUB CIRCUITO":"SANTA CLARA 1"
  },
  {
    "ZONA":"ZONA 3",
    "SUBZONA":"PASTAZA",
    "DISTRITO":"ARAJUNO",
    "CIRCUITO":"ARAJUNO POBLADO",
    "SUB CIRCUITO":"ARAJUNO POBLADO 1"
  },
  {
    "ZONA":"ZONA 3",
    "SUBZONA":"PASTAZA",
    "DISTRITO":"ARAJUNO",
    "CIRCUITO":"ARAJUNO SELVA",
    "SUB CIRCUITO":"ARAJUNO SELVA 1"
  },
  {
    "ZONA":"ZONA 3",
    "SUBZONA":"TUNGURAHUA",
    "DISTRITO":"AMBATO NORTE",
    "CIRCUITO":"MIRAFLORES",
    "SUB CIRCUITO":"MIRAFLORES 1"
  },
  {
    "ZONA":"ZONA 3",
    "SUBZONA":"TUNGURAHUA",
    "DISTRITO":"AMBATO NORTE",
    "CIRCUITO":"JARDIN AMBATEÑO",
    "SUB CIRCUITO":"JARDIN AMBATEÑO 1"
  },
  {
    "ZONA":"ZONA 3",
    "SUBZONA":"TUNGURAHUA",
    "DISTRITO":"AMBATO NORTE",
    "CIRCUITO":"LA MATRIZ",
    "SUB CIRCUITO":"LA MATRIZ 1"
  },
  {
    "ZONA":"ZONA 3",
    "SUBZONA":"TUNGURAHUA",
    "DISTRITO":"AMBATO NORTE",
    "CIRCUITO":"LA MATRIZ",
    "SUB CIRCUITO":"LA MATRIZ 2"
  },
  {
    "ZONA":"ZONA 3",
    "SUBZONA":"TUNGURAHUA",
    "DISTRITO":"AMBATO NORTE",
    "CIRCUITO":"ATOCHA FICOA",
    "SUB CIRCUITO":"ATOCHA FICOA 1"
  },
  {
    "ZONA":"ZONA 3",
    "SUBZONA":"TUNGURAHUA",
    "DISTRITO":"AMBATO NORTE",
    "CIRCUITO":"ATOCHA FICOA",
    "SUB CIRCUITO":"ATOCHA FICOA 2"
  },
  {
    "ZONA":"ZONA 3",
    "SUBZONA":"TUNGURAHUA",
    "DISTRITO":"AMBATO NORTE",
    "CIRCUITO":"LA VICTORIA",
    "SUB CIRCUITO":"LA VICTORIA 1"
  },
  {
    "ZONA":"ZONA 3",
    "SUBZONA":"TUNGURAHUA",
    "DISTRITO":"AMBATO NORTE",
    "CIRCUITO":"LA VICTORIA",
    "SUB CIRCUITO":"LA VICTORIA 2"
  },
  {
    "ZONA":"ZONA 3",
    "SUBZONA":"TUNGURAHUA",
    "DISTRITO":"AMBATO NORTE",
    "CIRCUITO":"INGAURCO",
    "SUB CIRCUITO":"INGAURCO 1"
  },
  {
    "ZONA":"ZONA 3",
    "SUBZONA":"TUNGURAHUA",
    "DISTRITO":"AMBATO NORTE",
    "CIRCUITO":"PASA",
    "SUB CIRCUITO":"PASA 1"
  },
  {
    "ZONA":"ZONA 3",
    "SUBZONA":"TUNGURAHUA",
    "DISTRITO":"AMBATO NORTE",
    "CIRCUITO":"SAN BARTOLOME DE PINLLO",
    "SUB CIRCUITO":"SAN BARTOLOME DE PINLLO 1"
  },
  {
    "ZONA":"ZONA 3",
    "SUBZONA":"TUNGURAHUA",
    "DISTRITO":"AMBATO NORTE",
    "CIRCUITO":"SAN BARTOLOME DE PINLLO",
    "SUB CIRCUITO":"SAN BARTOLOME DE PINLLO 2"
  },
  {
    "ZONA":"ZONA 3",
    "SUBZONA":"TUNGURAHUA",
    "DISTRITO":"AMBATO NORTE",
    "CIRCUITO":"QUISAPINCHA",
    "SUB CIRCUITO":"QUISAPINCHA 1"
  },
  {
    "ZONA":"ZONA 3",
    "SUBZONA":"TUNGURAHUA",
    "DISTRITO":"AMBATO NORTE",
    "CIRCUITO":"ATAHUALPA",
    "SUB CIRCUITO":"ATAHUALPA 1"
  },
  {
    "ZONA":"ZONA 3",
    "SUBZONA":"TUNGURAHUA",
    "DISTRITO":"AMBATO NORTE",
    "CIRCUITO":"ATAHUALPA",
    "SUB CIRCUITO":"ATAHUALPA 2"
  },
  {
    "ZONA":"ZONA 3",
    "SUBZONA":"TUNGURAHUA",
    "DISTRITO":"AMBATO NORTE",
    "CIRCUITO":"CUNCHIBAMBA",
    "SUB CIRCUITO":"CUNCHIBAMBA 1"
  },
  {
    "ZONA":"ZONA 3",
    "SUBZONA":"TUNGURAHUA",
    "DISTRITO":"AMBATO NORTE",
    "CIRCUITO":"CUNCHIBAMBA",
    "SUB CIRCUITO":"CUNCHIBAMBA 2"
  },
  {
    "ZONA":"ZONA 3",
    "SUBZONA":"TUNGURAHUA",
    "DISTRITO":"AMBATO NORTE",
    "CIRCUITO":"IZAMBA",
    "SUB CIRCUITO":"IZAMBA 1"
  },
  {
    "ZONA":"ZONA 3",
    "SUBZONA":"TUNGURAHUA",
    "DISTRITO":"AMBATO SUR",
    "CIRCUITO":"HUACHI EL BELEN",
    "SUB CIRCUITO":"HUACHI EL BELEN 1"
  },
  {
    "ZONA":"ZONA 3",
    "SUBZONA":"TUNGURAHUA",
    "DISTRITO":"AMBATO SUR",
    "CIRCUITO":"HUACHI EL BELEN",
    "SUB CIRCUITO":"HUACHI EL BELEN 2"
  },
  {
    "ZONA":"ZONA 3",
    "SUBZONA":"TUNGURAHUA",
    "DISTRITO":"AMBATO SUR",
    "CIRCUITO":"LETAMENDI",
    "SUB CIRCUITO":"LETAMENDI 1"
  },
  {
    "ZONA":"ZONA 3",
    "SUBZONA":"TUNGURAHUA",
    "DISTRITO":"AMBATO SUR",
    "CIRCUITO":"LETAMENDI",
    "SUB CIRCUITO":"LETAMENDI 2"
  },
  {
    "ZONA":"ZONA 3",
    "SUBZONA":"TUNGURAHUA",
    "DISTRITO":"AMBATO SUR",
    "CIRCUITO":"SAN ANTONIO",
    "SUB CIRCUITO":"SAN ANTONIO 1"
  },
  {
    "ZONA":"ZONA 3",
    "SUBZONA":"TUNGURAHUA",
    "DISTRITO":"AMBATO SUR",
    "CIRCUITO":"SAN ANTONIO",
    "SUB CIRCUITO":"SAN ANTONIO 2"
  },
  {
    "ZONA":"ZONA 3",
    "SUBZONA":"TUNGURAHUA",
    "DISTRITO":"AMBATO SUR",
    "CIRCUITO":"NUEVA AMBATO",
    "SUB CIRCUITO":"NUEVA AMBATO 1"
  },
  {
    "ZONA":"ZONA 3",
    "SUBZONA":"TUNGURAHUA",
    "DISTRITO":"AMBATO SUR",
    "CIRCUITO":"NUEVA AMBATO",
    "SUB CIRCUITO":"NUEVA AMBATO 2"
  },
  {
    "ZONA":"ZONA 3",
    "SUBZONA":"TUNGURAHUA",
    "DISTRITO":"AMBATO SUR",
    "CIRCUITO":"TECHO PROPIO",
    "SUB CIRCUITO":"TECHO PROPIO 1"
  },
  {
    "ZONA":"ZONA 3",
    "SUBZONA":"TUNGURAHUA",
    "DISTRITO":"AMBATO SUR",
    "CIRCUITO":"PISHIDATA",
    "SUB CIRCUITO":"PISHIDATA 1"
  },
  {
    "ZONA":"ZONA 3",
    "SUBZONA":"TUNGURAHUA",
    "DISTRITO":"AMBATO SUR",
    "CIRCUITO":"SIMON BOLIVAR",
    "SUB CIRCUITO":"SIMON BOLIVAR 1"
  },
  {
    "ZONA":"ZONA 3",
    "SUBZONA":"TUNGURAHUA",
    "DISTRITO":"AMBATO SUR",
    "CIRCUITO":"SIMON BOLIVAR",
    "SUB CIRCUITO":"SIMON BOLIVAR 2"
  },
  {
    "ZONA":"ZONA 3",
    "SUBZONA":"TUNGURAHUA",
    "DISTRITO":"AMBATO SUR",
    "CIRCUITO":"MIÑARICA",
    "SUB CIRCUITO":"MIÑARICA 1"
  },
  {
    "ZONA":"ZONA 3",
    "SUBZONA":"TUNGURAHUA",
    "DISTRITO":"AMBATO SUR",
    "CIRCUITO":"MIÑARICA",
    "SUB CIRCUITO":"MIÑARICA 2"
  },
  {
    "ZONA":"ZONA 3",
    "SUBZONA":"TUNGURAHUA",
    "DISTRITO":"AMBATO SUR",
    "CIRCUITO":"PILAHUIN",
    "SUB CIRCUITO":"PILAHUIN 1"
  },
  {
    "ZONA":"ZONA 3",
    "SUBZONA":"TUNGURAHUA",
    "DISTRITO":"AMBATO SUR",
    "CIRCUITO":"PILAHUIN",
    "SUB CIRCUITO":"PILAHUIN 2"
  },
  {
    "ZONA":"ZONA 3",
    "SUBZONA":"TUNGURAHUA",
    "DISTRITO":"AMBATO SUR",
    "CIRCUITO":"SANTA ROSA",
    "SUB CIRCUITO":"SANTA ROSA 1"
  },
  {
    "ZONA":"ZONA 3",
    "SUBZONA":"TUNGURAHUA",
    "DISTRITO":"AMBATO SUR",
    "CIRCUITO":"PICAIHUA",
    "SUB CIRCUITO":"PICAIHUA 1"
  },
  {
    "ZONA":"ZONA 3",
    "SUBZONA":"TUNGURAHUA",
    "DISTRITO":"AMBATO SUR",
    "CIRCUITO":"PICAIHUA",
    "SUB CIRCUITO":"PICAIHUA 2"
  },
  {
    "ZONA":"ZONA 3",
    "SUBZONA":"TUNGURAHUA",
    "DISTRITO":"AMBATO SUR",
    "CIRCUITO":"HUACHI GRANDE",
    "SUB CIRCUITO":"HUACHI GRANDE 1"
  },
  {
    "ZONA":"ZONA 3",
    "SUBZONA":"TUNGURAHUA",
    "DISTRITO":"BAÑOS",
    "CIRCUITO":"BAÑOS",
    "SUB CIRCUITO":"BAÑOS 1"
  },
  {
    "ZONA":"ZONA 3",
    "SUBZONA":"TUNGURAHUA",
    "DISTRITO":"BAÑOS",
    "CIRCUITO":"BAÑOS",
    "SUB CIRCUITO":"BAÑOS 2"
  },
  {
    "ZONA":"ZONA 3",
    "SUBZONA":"TUNGURAHUA",
    "DISTRITO":"BAÑOS",
    "CIRCUITO":"RIO NEGRO",
    "SUB CIRCUITO":"RIO NEGRO 1"
  },
  {
    "ZONA":"ZONA 3",
    "SUBZONA":"TUNGURAHUA",
    "DISTRITO":"PATATE",
    "CIRCUITO":"PATATE",
    "SUB CIRCUITO":"PATATE 1"
  },
  {
    "ZONA":"ZONA 3",
    "SUBZONA":"TUNGURAHUA",
    "DISTRITO":"PATATE",
    "CIRCUITO":"PATATE",
    "SUB CIRCUITO":"PATATE 2"
  },
  {
    "ZONA":"ZONA 3",
    "SUBZONA":"TUNGURAHUA",
    "DISTRITO":"PATATE",
    "CIRCUITO":"PATATE",
    "SUB CIRCUITO":"PATATE 3"
  },
  {
    "ZONA":"ZONA 3",
    "SUBZONA":"TUNGURAHUA",
    "DISTRITO":"PATATE",
    "CIRCUITO":"PELILEO GRANDE",
    "SUB CIRCUITO":"PELILEO GRANDE 1"
  },
  {
    "ZONA":"ZONA 3",
    "SUBZONA":"TUNGURAHUA",
    "DISTRITO":"PATATE",
    "CIRCUITO":"EL TAMBO",
    "SUB CIRCUITO":"EL TAMBO 1"
  },
  {
    "ZONA":"ZONA 3",
    "SUBZONA":"TUNGURAHUA",
    "DISTRITO":"PATATE",
    "CIRCUITO":"PELILEO SUR",
    "SUB CIRCUITO":"PELILEO SUR 1"
  },
  {
    "ZONA":"ZONA 3",
    "SUBZONA":"TUNGURAHUA",
    "DISTRITO":"PATATE",
    "CIRCUITO":"SALASACA",
    "SUB CIRCUITO":"SALASACA 1"
  },
  {
    "ZONA":"ZONA 3",
    "SUBZONA":"TUNGURAHUA",
    "DISTRITO":"PATATE",
    "CIRCUITO":"SALASACA",
    "SUB CIRCUITO":"SALASACA 2"
  },
  {
    "ZONA":"ZONA 3",
    "SUBZONA":"TUNGURAHUA",
    "DISTRITO":"PATATE",
    "CIRCUITO":"GARCIA MORENO",
    "SUB CIRCUITO":"GARCIA MORENO 1"
  },
  {
    "ZONA":"ZONA 3",
    "SUBZONA":"TUNGURAHUA",
    "DISTRITO":"PATATE",
    "CIRCUITO":"COTALO",
    "SUB CIRCUITO":"COTALO 1"
  },
  {
    "ZONA":"ZONA 3",
    "SUBZONA":"TUNGURAHUA",
    "DISTRITO":"PATATE",
    "CIRCUITO":"COTALO",
    "SUB CIRCUITO":"COTALO 2"
  },
  {
    "ZONA":"ZONA 3",
    "SUBZONA":"TUNGURAHUA",
    "DISTRITO":"PATATE",
    "CIRCUITO":"COTALO",
    "SUB CIRCUITO":"COTALO 3"
  },
  {
    "ZONA":"ZONA 3",
    "SUBZONA":"TUNGURAHUA",
    "DISTRITO":"PILLARO",
    "CIRCUITO":"PILLARO",
    "SUB CIRCUITO":"PILLARO 1"
  },
  {
    "ZONA":"ZONA 3",
    "SUBZONA":"TUNGURAHUA",
    "DISTRITO":"PILLARO",
    "CIRCUITO":"PILLARO",
    "SUB CIRCUITO":"PILLARO 2"
  },
  {
    "ZONA":"ZONA 3",
    "SUBZONA":"TUNGURAHUA",
    "DISTRITO":"PILLARO",
    "CIRCUITO":"SAN MIGUELITO",
    "SUB CIRCUITO":"SAN MIGUELITO 1"
  },
  {
    "ZONA":"ZONA 3",
    "SUBZONA":"TUNGURAHUA",
    "DISTRITO":"PILLARO",
    "CIRCUITO":"SAN MIGUELITO",
    "SUB CIRCUITO":"SAN MIGUELITO 2"
  },
  {
    "ZONA":"ZONA 3",
    "SUBZONA":"TUNGURAHUA",
    "DISTRITO":"PILLARO",
    "CIRCUITO":"SAN ANDRES",
    "SUB CIRCUITO":"SAN ANDRES 1"
  },
  {
    "ZONA":"ZONA 3",
    "SUBZONA":"TUNGURAHUA",
    "DISTRITO":"PILLARO",
    "CIRCUITO":"SAN ANDRES",
    "SUB CIRCUITO":"SAN ANDRES 2"
  },
  {
    "ZONA":"ZONA 3",
    "SUBZONA":"TUNGURAHUA",
    "DISTRITO":"QUERO",
    "CIRCUITO":"CEVALLOS",
    "SUB CIRCUITO":"CEVALLOS 1"
  },
  {
    "ZONA":"ZONA 3",
    "SUBZONA":"TUNGURAHUA",
    "DISTRITO":"QUERO",
    "CIRCUITO":"MOCHA",
    "SUB CIRCUITO":"MOCHA 1"
  },
  {
    "ZONA":"ZONA 3",
    "SUBZONA":"TUNGURAHUA",
    "DISTRITO":"QUERO",
    "CIRCUITO":"QUERO",
    "SUB CIRCUITO":"QUERO 1"
  },
  {
    "ZONA":"ZONA 3",
    "SUBZONA":"TUNGURAHUA",
    "DISTRITO":"QUERO",
    "CIRCUITO":"RUMIPAMBA",
    "SUB CIRCUITO":"RUMIPAMBA 1"
  },
  {
    "ZONA":"ZONA 3",
    "SUBZONA":"TUNGURAHUA",
    "DISTRITO":"QUERO",
    "CIRCUITO":"TISALEO",
    "SUB CIRCUITO":"TISALEO 1"
  }
]
